Model Name,Price
Oppo 10000 mAh 18 Watts Fast Charging Power Bank 2 with Type-C and Micro USB Dual Connection Black,1299
Oppo A15 32 GB 3 GB RAM Mystery Blue Mobile Phone JioExclusive Offer Available,10990
OPPO PBV02 10000 mAh VOOC Power Bank with 30 Watts Reverse Flash Charging White,2999
Oppo A3 Pro 5G 256 GB 8 GB RAM Moonlight Purple Mobile Phone,19999
Oppo F27 Pro Plus 5G 128 MB 8 GB RAM Dusk Pink Mobile Phone,27999
Oppo A3 Pro 5G 128 GB 8 GB RAM Moonlight Purple Mobile Phone,17999
Oppo F27 Pro Plus 5G 128 MB 8 GB RAM Midnight Navy Mobile Phone,27999
Oppo F25 Pro 5G 128 GB 8 GB RAM Mobile Phone Ocean Blue,23999
Oppo F25 Pro 5G 128 GB 8 GB RAM Mobile Phone Lava Red,23999
Oppo F27 Pro Plus 5G 256 MB 8 GB RAM Dusk Pink Mobile Phone,29999
Oppo A59 5G 128 GB 4GB RAM Silk Gold Mobile Phone,13999
Oppo F27 Pro Plus 5G 256 MB 8 GB RAM Midnight Navy Mobile Phone,29999
Oppo A59 5G 128 GB 6 GB RAM Silk Gold Mobile Phone,15499
Oppo A59 5G 128 GB 6 GB RAM Starry Black Mobile Phone,15499
Oppo Reno 11 Pro 5G Grey Mobile Phone Grey 12 GB RAM+256 GB ROM 6.7 inch 17.1 cm AMOLED FHD+ Display,37999
Oppo Reno 11 Pro 5G Grey Mobile Phone White 12 GB RAM+256 GB ROM 6.7 inch 17.1 cm AMOLED FHD+ Display,37999
Oppo Reno 11 5G Grey Mobile Phone 8 GB RAM 128 GB ROM 6.7 inch 17.1 cm AMOLED FHD+ Display,27999
Oppo Reno 11 5G Green Mobile Phone 8 GB RAM 128 GB ROM 6.7 inch 17.1 cm AMOLED FHD+ Display,27999
Oppo Reno 11 5G Grey Mobile Phone 8 GB RAM 256 GB ROM 6.7 inch 17.1 cm AMOLED FHD+ Display,29999
Oppo Reno 11 5G Green Mobile Phone 8 GB RAM 256 GB ROM 6.7 inch 17.1 cm AMOLED FHD+ Display,29999
Oppo A3 Pro 5G 128 GB 8 GB RAM Starry Black Mobile Phone,17999
OPPO PBV02 10000 mAh VOOC Power Bank with 30 Watts Reverse Flash Charging Black,1499
Oppo Reno 12 Pro 5G 256 GB 12 GB RAM Sunset Gold Mobile Phone,36999
Oppo F25 Pro 5G 256 GB 8 GB RAM Mobile Phone Ocean Blue,25999
